ID_Oficial,Nombre,Distrito,Bloque,Mandato,Inicio_Mandato,Fin_Mandato,Fecha_Nacimiento,URL_Perfil
gcaguero,"Agüero, Guillermo César",CHACO,UCR - UNIÓN CÍVICA RADICAL,2025-2029,2025-12-10,2029-12-09,1971-04-23,https://www.diputados.gov.ar/diputados/gcaguero/
haguirre,"Aguirre, Hilda",LA RIOJA,UNIÓN POR LA PATRIA,2023-2027,2023-12-10,2027-12-09,1960-04-11,https://www.diputados.gov.ar/diputados/haguirre/
sajmechet,"Ajmechet, Sabrina",CIUDAD DE BUENOS AIRES,LA LIBERTAD AVANZA,2025-2029,2025-12-10,2029-12-09,1981-08-22,https://www.diputados.gov.ar/diputados/sajmechet/
enali,"Alí, Ernesto ""Pipi""",SAN LUIS,UNIÓN POR LA PATRIA,2023-2027,2024-01-31,2027-12-09,1971-10-04,https://www.diputados.gov.ar/diputados/enali/
calmena,"Almena, Carlos Alberto",SAN LUIS,LA LIBERTAD AVANZA,2025-2029,2025-12-10,2029-12-09,1968-04-06,https://www.diputados.gov.ar/diputados/calmena/
calmiron,"Almirón, Lisandro",CORRIENTES,LA LIBERTAD AVANZA,2023-2027,2023-12-10,2027-12-09,1973-12-06,https://www.diputados.gov.ar/diputados/calmiron/
caalvarez,"Álvarez, Claudio",SAN LUIS,INNOVACIÓN FEDERAL,2023-2027,2025-12-10,2027-12-09,1976-07-30,https://www.diputados.gov.ar/diputados/caalvarez/
candino,"Andino, Cristian",SAN JUAN,UNIÓN POR LA PATRIA,2025-2029,2025-12-10,2029-12-09,1973-05-02,https://www.diputados.gov.ar/diputados/candino/
jandrade,"Andrade, Javier",CIUDAD DE BUENOS AIRES,UNIÓN POR LA PATRIA,2023-2027,2025-12-10,2027-12-09,1969-02-01,https://www.diputados.gov.ar/diputados/jandrade/
bandreussi,"Andreussi, Barbara",JUJUY,LA LIBERTAD AVANZA,2025-2029,2025-12-10,2029-12-09,1965-11-22,https://www.diputados.gov.ar/diputados/bandreussi/
pansaloni,"Ansaloni, Pablo",BUENOS AIRES,LA LIBERTAD AVANZA,2023-2027,2023-12-10,2027-12-09,1971-05-09,https://www.diputados.gov.ar/diputados/pansaloni/
darabia,"Arabia, Damián",CIUDAD DE BUENOS AIRES,LA LIBERTAD AVANZA,2023-2027,2023-12-10,2027-12-09,1991-07-22,https://www.diputados.gov.ar/diputados/darabia/
jaraujoh,"Araujo Hernández, Jorge Neri",TIERRA DEL FUEGO,UNIÓN POR LA PATRIA,2023-2027,2023-12-10,2027-12-09,1968-04-05,https://www.diputados.gov.ar/diputados/jaraujoh/
mardohain,"Ardohain, Martín",LA PAMPA,PRO,2023-2027,2023-12-10,2027-12-09,1968-02-29,https://www.diputados.gov.ar/diputados/mardohain/
larrieta,"Arrieta, Lourdes Micaela",MENDOZA,PROVINCIAS UNIDAS,2023-2027,2023-12-10,2027-12-09,1993-03-25,https://www.diputados.gov.ar/diputados/larrieta/
aarrua,"Arrúa, Alberto",MISIONES,INNOVACIÓN FEDERAL,2023-2027,2023-12-10,2027-12-09,1976-06-29,https://www.diputados.gov.ar/diputados/aarrua/
maveiro,"Aveiro, Martín",MENDOZA,UNIÓN POR LA PATRIA,2023-2027,2023-12-10,2027-12-09,1975-06-30,https://www.diputados.gov.ar/diputados/maveiro/
bavico,"Avico, Belén",CORDOBA,LA LIBERTAD AVANZA,2023-2027,2023-12-10,2027-12-09,1979-11-27,https://www.diputados.gov.ar/diputados/bavico/
mavila,"Avila, Fernanda",CATAMARCA,ELIJO CATAMARCA,2023-2027,2023-12-10,2027-12-09,1987-03-11,https://www.diputados.gov.ar/diputados/mavila/
jaavila,"Avila, Jorge Antonio",CHUBUT,PROVINCIAS UNIDAS,2023-2027,2023-12-10,2027-12-09,1965-05-19,https://www.diputados.gov.ar/diputados/jaavila/
kbanfi,"Banfi, Karina",BUENOS AIRES,ADELANTE BUENOS AIRES,2023-2027,2023-12-10,2027-12-09,1972-02-27,https://www.diputados.gov.ar/diputados/kbanfi/
mbarbur,"Barbur, Marcelo",SANTIAGO DEL ESTERO,UNIÓN POR LA PATRIA,2025-2029,2025-12-10,2029-12-09,1967-10-09,https://www.diputados.gov.ar/diputados/mbarbur/
lbasterra,"Basterra, Luis Eugenio",FORMOSA,UNIÓN POR LA PATRIA,2023-2027,2023-12-10,2027-12-09,1958-10-14,https://www.diputados.gov.ar/diputados/lbasterra/
abasualdo,"Basualdo, Atilio",FORMOSA,LA LIBERTAD AVANZA,2025-2029,2025-12-17,2029-12-09,1962-04-04,https://www.diputados.gov.ar/diputados/abasualdo/
cbasualdo,"Basualdo, Carolina",CORDOBA,PROVINCIAS UNIDAS,2025-2029,2025-12-10,2029-12-09,1978-06-19,https://www.diputados.gov.ar/diputados/cbasualdo/
mbecerra,"Becerra, Mónica",SAN LUIS,LA LIBERTAD AVANZA,2025-2029,2025-12-10,2029-12-09,1974-06-16,https://www.diputados.gov.ar/diputados/mbecerra/
bbenedit,"Benedit, Beltrán",ENTRE RIOS,LA LIBERTAD AVANZA,2023-2027,2023-12-10,2027-12-09,1957-09-28,https://www.diputados.gov.ar/diputados/bbenedit/
abenegasl,"Benegas Lynch, Bertie",BUENOS AIRES,LA LIBERTAD AVANZA,2023-2027,2023-12-10,2027-12-09,1967-11-04,https://www.diputados.gov.ar/diputados/abenegasl/
rbianchetti,"Bianchetti, Emmanuel",MISIONES,PRO,2023-2027,2023-12-10,2027-12-09,1981-08-01,https://www.diputados.gov.ar/diputados/rbianchetti/
bbiellac,"Biella, Bernardo",SALTA,INNOVACIÓN FEDERAL,2025-2029,2025-12-10,2029-12-09,1963-01-31,https://www.diputados.gov.ar/diputados/bbiellac/
rbonacci,"Bonacci, Rocío",SANTA FE,LA LIBERTAD AVANZA,2023-2027,2023-12-10,2027-12-09,1996-06-29,https://www.diputados.gov.ar/diputados/rbonacci/
abongiovanni,"Bongiovanni, Alejandro",SANTA FE,LA LIBERTAD AVANZA,2023-2027,2023-12-10,2027-12-09,1983-03-23,https://www.diputados.gov.ar/diputados/abongiovanni/
gbordet,"Bordet, Gustavo",ENTRE RIOS,UNIÓN POR LA PATRIA,2023-2027,2023-12-10,2027-12-09,1962-02-21,https://www.diputados.gov.ar/diputados/gbordet/
aborgatta,"Borgatta, Alejandrina",SANTA FE,UNIÓN POR LA PATRIA,2025-2029,2025-12-10,2029-12-09,1984-02-10,https://www.diputados.gov.ar/diputados/aborgatta/
gbornoroni,"Bornoroni, Gabriel",CORDOBA,LA LIBERTAD AVANZA,2023-2027,2023-12-10,2027-12-09,1978-06-17,https://www.diputados.gov.ar/diputados/gbornoroni/
mbregman,"Bregman, Myriam",CIUDAD DE BUENOS AIRES,FRENTE DE IZQUIERDA Y DE TRABAJADORES UNIDAD,2025-2029,2025-12-10,2029-12-09,1972-02-25,https://www.diputados.gov.ar/diputados/mbregman/
cabrizuela,"Brizuela, Adrián",CATAMARCA,LA LIBERTAD AVANZA,2025-2029,2025-12-10,2029-12-09,1972-08-26,https://www.diputados.gov.ar/diputados/cabrizuela/
jbrugge,"Brügge, Juan Fernando",CORDOBA,PROVINCIAS UNIDAS,2023-2027,2023-12-10,2027-12-09,1962-06-24,https://www.diputados.gov.ar/diputados/jbrugge/
ebruno,"Bruno, Eliana",SALTA,LA LIBERTAD AVANZA,2023-2027,2025-12-10,2027-12-09,1988-08-31,https://www.diputados.gov.ar/diputados/ebruno/
scafiero,"Cafiero, Santiago",BUENOS AIRES,UNIÓN POR LA PATRIA,2023-2027,2023-12-10,2027-12-09,1979-08-30,https://www.diputados.gov.ar/diputados/scafiero/
mcampero,"Campero, Mariano",TUCUMAN,LA LIBERTAD AVANZA,2023-2027,2023-12-10,2027-12-09,1983-04-22,https://www.diputados.gov.ar/diputados/mcampero/
ccampitelli,"Campitelli, Celia",SANTIAGO DEL ESTERO,UNIÓN POR LA PATRIA,2023-2027,2023-12-10,2027-12-09,1949-06-09,https://www.diputados.gov.ar/diputados/ccampitelli/
jmcampo,"Campo, Julieta Marisol",CHACO,UNIÓN POR LA PATRIA,2025-2029,2025-12-10,2029-12-09,1993-08-12,https://www.diputados.gov.ar/diputados/jmcampo/
lcampora,"Cámpora, Lucía",CIUDAD DE BUENOS AIRES,UNIÓN POR LA PATRIA,2025-2029,2025-12-10,2029-12-09,1990-12-25,https://www.diputados.gov.ar/diputados/lcampora/
scapozzi,"Capozzi, Sergio Eduardo",RIO NEGRO,PROVINCIAS UNIDAS,2023-2027,2023-12-10,2027-12-09,1953-10-31,https://www.diputados.gov.ar/diputados/scapozzi/
mcarignano,"Carignano, Florencia",SANTA FE,UNIÓN POR LA PATRIA,2023-2027,2023-12-10,2027-12-09,1978-07-09,https://www.diputados.gov.ar/diputados/mcarignano/
acarrancio,"Carrancio, Alejandro",BUENOS AIRES,LA LIBERTAD AVANZA,2025-2029,2025-12-10,2029-12-09,1976-07-01,https://www.diputados.gov.ar/diputados/acarrancio/
scasas,"Casas, Sergio Guillermo",LA RIOJA,UNIÓN POR LA PATRIA,2023-2027,2023-12-10,2027-12-09,1965-02-19,https://www.diputados.gov.ar/diputados/scasas/
ccastagneto,"Castagneto, Carlos Daniel",BUENOS AIRES,UNIÓN POR LA PATRIA,2023-2027,2023-12-10,2027-12-09,1960-11-01,https://www.diputados.gov.ar/diputados/ccastagneto/
gcastelnuovo,"Castelnuovo, Giselle",BUENOS AIRES,LA LIBERTAD AVANZA,2025-2029,2025-12-10,2029-12-09,1979-11-13,https://www.diputados.gov.ar/diputados/gcastelnuovo/
jchicam,"Chica, Jorge",SAN JUAN,UNIÓN POR LA PATRIA,2023-2027,2023-12-10,2027-12-09,1980-04-23,https://www.diputados.gov.ar/diputados/jchicam/
rchiconi,"Chiconi, Abel",SAN JUAN,LA LIBERTAD AVANZA,2025-2029,2025-12-10,2029-12-09,1986-01-25,https://www.diputados.gov.ar/diputados/rchiconi/
gcipolini,"Cipolini, Gerardo",CHACO,UCR - UNIÓN CÍVICA RADICAL,2023-2027,2023-12-10,2027-12-09,1943-03-29,https://www.diputados.gov.ar/diputados/gcipolini/
ccisneros,"Cisneros, Carlos",TUCUMAN,UNIÓN POR LA PATRIA,2023-2027,2023-12-10,2027-12-09,1962-07-21,https://www.diputados.gov.ar/diputados/ccisneros/
mgcoletta,"Coletta, Mariela",CIUDAD DE BUENOS AIRES,PROVINCIAS UNIDAS,2023-2027,2023-12-10,2027-12-09,1989-05-16,https://www.diputados.gov.ar/diputados/mgcoletta/
fcorreal,"Correa Llano, Facundo",MENDOZA,LA LIBERTAD AVANZA,2023-2027,2023-12-10,2027-12-09,1979-04-06,https://www.diputados.gov.ar/diputados/fcorreal/
rdaives,"Daives, Ricardo",SANTIAGO DEL ESTERO,UNIÓN POR LA PATRIA,2023-2027,2023-12-10,2027-12-09,1950-01-06,https://www.diputados.gov.ar/diputados/rdaives/
fdeandreis,"de Andreis, Fernando",CIUDAD DE BUENOS AIRES,PRO,2025-2029,2025-12-10,2029-12-09,1976-01-10,https://www.diputados.gov.ar/diputados/fdeandreis/
mdelarosa,"de la Rosa, María Graciela",FORMOSA,UNIÓN POR LA PATRIA,2025-2029,2025-12-10,2029-12-09,1955-07-22,https://www.diputados.gov.ar/diputados/mdelarosa/
ndelasota,"de la Sota, Natalia",CORDOBA,DEFENDAMOS CÓRDOBA,2025-2029,2025-12-10,2029-12-09,1975-09-14,https://www.diputados.gov.ar/diputados/ndelasota/
mdesensi,"De Sensi, María Florencia",BUENOS AIRES,PRO,2025-2029,2025-12-10,2029-12-09,1988-01-22,https://www.diputados.gov.ar/diputados/mdesensi/
ndelcano,"del Caño, Nicolás",BUENOS AIRES,FRENTE DE IZQUIERDA Y DE TRABAJADORES UNIDAD,2025-2029,2025-12-10,2029-12-09,1980-02-06,https://www.diputados.gov.ar/diputados/ndelcano/
rdelpla,"Del Plá, Romina",BUENOS AIRES,FRENTE DE IZQUIERDA Y DE TRABAJADORES UNIDAD,2025-2029,2025-12-10,2029-12-09,1972-04-02,https://www.diputados.gov.ar/diputados/rdelpla/
fdiaz,"Díaz, Fernanda",BUENOS AIRES,UNIÓN POR LA PATRIA,2025-2029,2025-12-10,2029-12-09,1990-02-20,https://www.diputados.gov.ar/diputados/fdiaz/
rdiezv,"Diez, Romina",SANTA FE,LA LIBERTAD AVANZA,2023-2027,2023-12-10,2027-12-09,1980-01-30,https://www.diputados.gov.ar/diputados/rdiezv/
sdolce,"Dolce, Sergio",CHACO,UNIÓN POR LA PATRIA,2025-2029,2025-12-10,2029-12-09,1979-02-28,https://www.diputados.gov.ar/diputados/sdolce/
nemma,"Emma, Nicolás",CIUDAD DE BUENOS AIRES,LA LIBERTAD AVANZA,2025-2029,2025-12-10,2029-12-09,1981-10-02,https://www.diputados.gov.ar/diputados/nemma/
gestevez,"Estévez, Gabriela Beatriz",CORDOBA,UNIÓN POR LA PATRIA,2023-2027,2023-12-10,2027-12-09,1978-02-11,https://www.diputados.gov.ar/diputados/gestevez/
efalcone,"Falcone, Eduardo",BUENOS AIRES,MID - MOVIMIENTO DE INTEGRACIÓN Y DESARROLLO,2023-2027,2023-12-10,2027-12-09,1962-01-18,https://www.diputados.gov.ar/diputados/efalcone/
afargosi,"Fargosi, Alejandro",CIUDAD DE BUENOS AIRES,LA LIBERTAD AVANZA,2025-2029,2025-12-10,2029-12-09,1954-11-28,https://www.diputados.gov.ar/diputados/afargosi/
pfarias,"Farías, Pablo",SANTA FE,PROVINCIAS UNIDAS,2025-2029,2025-12-10,2029-12-09,1969-07-24,https://www.diputados.gov.ar/diputados/pfarias/
efelix,"Félix, Emir",MENDOZA,UNIÓN POR LA PATRIA,2025-2029,2025-12-10,2029-12-09,1964-08-07,https://www.diputados.gov.ar/diputados/efelix/
jofernandez,"Fernández, Jorge",SAN LUIS,PRIMERO SAN LUIS,2025-2029,2025-12-10,2029-12-09,1959-07-10,https://www.diputados.gov.ar/diputados/jofernandez/
emfernandez,"Fernández, Elia Marina",TUCUMAN,INDEPENDENCIA,2023-2027,2025-12-10,2027-12-09,1965-02-27,https://www.diputados.gov.ar/diputados/emfernandez/
dfernandezm,"Fernández Molero, Daiana",CIUDAD DE BUENOS AIRES,PRO,2023-2027,2023-12-10,2027-12-09,1985-10-04,https://www.diputados.gov.ar/diputados/dfernandezm/
aferran,"Ferrán, Abelardo",LA PAMPA,UNIÓN POR LA PATRIA,2025-2029,2025-12-10,2029-12-09,1959-07-26,https://www.diputados.gov.ar/diputados/aferran/
mferraro,"Ferraro, Maximiliano",CIUDAD DE BUENOS AIRES,COALICION CIVICA,2023-2027,2023-12-10,2027-12-09,1975-11-04,https://www.diputados.gov.ar/diputados/mferraro/
aferreyra,"Ferreyra, Alida",CIUDAD DE BUENOS AIRES,LA LIBERTAD AVANZA,2023-2027,2024-01-31,2027-12-09,1977-09-22,https://www.diputados.gov.ar/diputados/aferreyra/
sfigliuolo,"Figliuolo, Sergio",BUENOS AIRES,LA LIBERTAD AVANZA,2025-2029,2025-12-10,2029-12-09,1976-06-13,https://www.diputados.gov.ar/diputados/sfigliuolo/
afinocchiaro,"Finocchiaro, Alejandro",BUENOS AIRES,PRO,2025-2029,2025-12-10,2029-12-09,1967-08-27,https://www.diputados.gov.ar/diputados/afinocchiaro/
mflores,"Flores, Maria Gabriela",SALTA,LA LIBERTAD AVANZA,2025-2029,2025-12-10,2029-12-09,1974-10-03,https://www.diputados.gov.ar/diputados/mflores/
mfrade,"Frade, Mónica",BUENOS AIRES,COALICION CIVICA,2023-2027,2023-12-10,2027-12-09,1958-09-29,https://www.diputados.gov.ar/diputados/mfrade/
afregonese,"Fregonese, Alicia",ENTRE RIOS,PRO,2025-2029,2025-12-10,2029-12-09,1961-01-09,https://www.diputados.gov.ar/diputados/afregonese/
afreites,"Freites, Andrea",TIERRA DEL FUEGO,UNIÓN POR LA PATRIA,2023-2027,2023-12-10,2027-12-09,1977-02-11,https://www.diputados.gov.ar/diputados/afreites/
mrfrias,"Frias, Maira",CHUBUT,LA LIBERTAD AVANZA,2025-2029,2025-12-10,2029-12-09,1987-06-15,https://www.diputados.gov.ar/diputados/mrfrias/
mgallardo,"Gallardo, María Virginia",CORRIENTES,LA LIBERTAD AVANZA,2025-2029,2025-12-10,2029-12-09,1985-09-25,https://www.diputados.gov.ar/diputados/mgallardo/
sgalmarini,"Galmarini, Sebastián",BUENOS AIRES,UNIÓN POR LA PATRIA,2025-2029,2025-12-10,2029-12-09,1978-07-01,https://www.diputados.gov.ar/diputados/sgalmarini/
algarcia,"García, Álvaro",BUENOS AIRES,LA LIBERTAD AVANZA,2025-2029,2025-12-10,2029-12-09,1979-01-10,https://www.diputados.gov.ar/diputados/algarcia/
mtgarcia,"García, María Teresa",BUENOS AIRES,UNIÓN POR LA PATRIA,2025-2029,2025-12-10,2029-12-09,1956-02-09,https://www.diputados.gov.ar/diputados/mtgarcia/
cadgarcia,"García, Carlos",CHACO,LA LIBERTAD AVANZA,2023-2027,2023-12-10,2027-12-09,1971-09-25,https://www.diputados.gov.ar/diputados/cadgarcia/
igarciaa,"García Aresca, Ignacio",CORDOBA,PROVINCIAS UNIDAS,2025-2029,2025-12-10,2029-12-09,1969-08-24,https://www.diputados.gov.ar/diputados/igarciaa/
jgarrido,"Garrido, José Luis",SANTA CRUZ,POR SANTA CRUZ,2023-2027,2023-12-10,2027-12-09,1969-05-13,https://www.diputados.gov.ar/diputados/jgarrido/
agiampieri,"Giampieri, Antonela",CIUDAD DE BUENOS AIRES,PRO,2025-2029,2025-12-10,2029-12-09,1988-09-20,https://www.diputados.gov.ar/diputados/agiampieri/
sgiudici,"Giudici, Silvana",CIUDAD DE BUENOS AIRES,LA LIBERTAD AVANZA,2023-2027,2023-12-10,2027-12-09,1965-04-19,https://www.diputados.gov.ar/diputados/sgiudici/
dgiuliano,"Giuliano, Diego A.",SANTA FE,UNIÓN POR LA PATRIA,2023-2027,2023-12-10,2027-12-09,1965-01-14,https://www.diputados.gov.ar/diputados/dgiuliano/
jglinski,"Glinski, José",CHUBUT,UNIÓN POR LA PATRIA,2023-2027,2023-12-10,2027-12-09,1980-08-05,https://www.diputados.gov.ar/diputados/jglinski/
mgoitia,"Goitia, Rosario",CHACO,LA LIBERTAD AVANZA,2025-2029,2025-12-10,2029-12-09,1978-02-28,https://www.diputados.gov.ar/diputados/mgoitia/
jegomez,"Gomez, José",SANTIAGO DEL ESTERO,UNIÓN POR LA PATRIA,2023-2027,2023-12-10,2027-12-09,1962-10-25,https://www.diputados.gov.ar/diputados/jegomez/
agonzales,"Gonzales, Alfredo",JUJUY,LA LIBERTAD AVANZA,2025-2029,2025-12-10,2029-12-09,1988-04-20,https://www.diputados.gov.ar/diputados/agonzales/
digonzalez,"González, Diógenes Ignacio",CORRIENTES,UCR - UNIÓN CÍVICA RADICAL,2025-2029,2025-12-10,2029-12-09,1965-08-21,https://www.diputados.gov.ar/diputados/digonzalez/
agonzalez,"González, Álvaro",CIUDAD DE BUENOS AIRES,PRO,2023-2027,2023-12-10,2027-12-09,1958-10-12,https://www.diputados.gov.ar/diputados/agonzalez/
gggonzalez,"González, Gerardo Gustavo",FORMOSA,INNOVACIÓN FEDERAL,2023-2027,2023-12-10,2027-12-09,1974-12-29,https://www.diputados.gov.ar/diputados/gggonzalez/
mgestevarena,"González Estevarena, María Luisa",BUENOS AIRES,LA LIBERTAD AVANZA,2025-2029,2025-12-10,2029-12-09,1956-07-06,https://www.diputados.gov.ar/diputados/mgestevarena/
jgrabois,"Grabois, Juan",BUENOS AIRES,UNIÓN POR LA PATRIA,2025-2029,2025-12-10,2029-12-09,1983-05-23,https://www.diputados.gov.ar/diputados/jgrabois/
mgruber,"Gruber, Maura",MISIONES,LA LIBERTAD AVANZA,2025-2029,2025-12-10,2029-12-09,1984-02-08,https://www.diputados.gov.ar/diputados/mgruber/
crgutierrez,"Gutiérrez, Ramiro",BUENOS AIRES,UNIÓN POR LA PATRIA,2023-2027,2023-12-10,2027-12-09,1967-04-01,https://www.diputados.gov.ar/diputados/crgutierrez/
cgutierrez,"Gutiérrez, Carlos",CORDOBA,PROVINCIAS UNIDAS,2023-2027,2023-12-10,2027-12-09,1953-10-27,https://www.diputados.gov.ar/diputados/cgutierrez/
jguzman,"Guzmán, Jairo",SANTA CRUZ,LA LIBERTAD AVANZA,2025-2029,2025-12-10,2029-12-09,1983-06-15,https://www.diputados.gov.ar/diputados/jguzman/
rhadad,"Hadad, Raúl",CORRIENTES,UNIÓN POR LA PATRIA,2025-2029,2025-12-10,2029-12-09,1986-03-29,https://www.diputados.gov.ar/diputados/rhadad/
ihagman,"Hagman, Itai",CIUDAD DE BUENOS AIRES,UNIÓN POR LA PATRIA,2025-2029,2025-12-10,2029-12-09,1983-02-13,https://www.diputados.gov.ar/diputados/ihagman/
dhartfield,"Hartfield, Diego",MISIONES,LA LIBERTAD AVANZA,2025-2029,2025-12-10,2029-12-09,1981-01-31,https://www.diputados.gov.ar/diputados/dhartfield/
oherreraa,"Herrera, Oscar",MISIONES,INNOVACIÓN FEDERAL,2025-2029,2025-12-10,2029-12-09,1971-08-20,https://www.diputados.gov.ar/diputados/oherreraa/
pholzman,"Holzman, Patricia",CIUDAD DE BUENOS AIRES,LA LIBERTAD AVANZA,2025-2029,2025-12-10,2029-12-09,1965-11-09,https://www.diputados.gov.ar/diputados/pholzman/
mhuesen,"Huesen, Gerardo",TUCUMAN,LA LIBERTAD AVANZA,2023-2027,2023-12-10,2027-12-09,1980-03-21,https://www.diputados.gov.ar/diputados/mhuesen/
ghumenuk,"Humenuk, Gladys",BUENOS AIRES,LA LIBERTAD AVANZA,2025-2029,2025-12-10,2029-12-09,1973-01-01,https://www.diputados.gov.ar/diputados/ghumenuk/
aianni,"Ianni, Ana María",SANTA CRUZ,UNIÓN POR LA PATRIA,2023-2027,2023-12-10,2027-12-09,1969-09-21,https://www.diputados.gov.ar/diputados/aianni/
mibanez,"Ibañez, María Cecilia",CORDOBA,LA LIBERTAD AVANZA,2023-2027,2023-12-10,2027-12-09,1965-02-19,https://www.diputados.gov.ar/diputados/mibanez/
cjaimeq,"Jaime Quiroga, Carlos Gustavo",SAN JUAN,PRODUCCION Y TRABAJO,2025-2029,2025-12-10,2029-12-09,1981-12-25,https://www.diputados.gov.ar/diputados/cjaimeq/
pjuliano,"Juliano, Pablo",BUENOS AIRES,PROVINCIAS UNIDAS,2023-2027,2023-12-10,2027-12-09,1988-04-06,https://www.diputados.gov.ar/diputados/pjuliano/
mkirchner,"Kirchner, Máximo Carlos",BUENOS AIRES,UNIÓN POR LA PATRIA,2023-2027,2023-12-10,2027-12-09,1977-02-16,https://www.diputados.gov.ar/diputados/mkirchner/
mlanesan,"Lanesan Sancho, Moira",SANTA CRUZ,UNIÓN POR LA PATRIA,2025-2029,2025-12-10,2029-12-09,1985-02-03,https://www.diputados.gov.ar/diputados/mlanesan/
alaumann,"Laumann, Andrés Ariel",ENTRE RIOS,LA LIBERTAD AVANZA,2025-2029,2025-12-10,2029-12-09,1972-02-08,https://www.diputados.gov.ar/diputados/alaumann/
aleiva,"Leiva, Aldo",CHACO,UNIÓN POR LA PATRIA,2023-2027,2023-12-10,2027-12-09,1963-01-10,https://www.diputados.gov.ar/diputados/aleiva/
lbolukalol,"Lemoine, Lilia",BUENOS AIRES,LA LIBERTAD AVANZA,2023-2027,2023-12-10,2027-12-09,1980-11-07,https://www.diputados.gov.ar/diputados/lbolukalol/
aleone,"Leone, Andrés",CIUDAD DE BUENOS AIRES,LA LIBERTAD AVANZA,2025-2029,2025-12-10,2029-12-09,1970-09-07,https://www.diputados.gov.ar/diputados/aleone/
mllano,"Llano, Mercedes",MENDOZA,LA LIBERTAD AVANZA,2023-2027,2023-12-10,2027-12-09,1978-08-27,https://www.diputados.gov.ar/diputados/mllano/
elluch,"Lluch, Enrique",CORDOBA,LA LIBERTAD AVANZA,2025-2029,2025-12-10,2029-12-09,1982-11-25,https://www.diputados.gov.ar/diputados/elluch/
jslongo,"Longo, Johanna Sabrina",BUENOS AIRES,LA LIBERTAD AVANZA,2025-2029,2025-12-10,2029-12-09,1982-08-05,https://www.diputados.gov.ar/diputados/jslongo/
mjlopez,"López, Jimena",BUENOS AIRES,UNIÓN POR LA PATRIA,2025-2029,2025-12-10,2029-12-09,1979-10-26,https://www.diputados.gov.ar/diputados/mjlopez/
clopezp,"López Pasquali, Cecilia",SANTIAGO DEL ESTERO,UNIÓN POR LA PATRIA,2025-2029,2025-12-10,2029-12-09,1947-12-31,https://www.diputados.gov.ar/diputados/clopezp/
mlousteau,"Lousteau, Martín",CIUDAD DE BUENOS AIRES,PROVINCIAS UNIDAS,2025-2029,2025-12-10,2029-12-09,1970-12-08,https://www.diputados.gov.ar/diputados/mlousteau/
jluque,"Luque, Juan Pablo",CHUBUT,UNIÓN POR LA PATRIA,2025-2029,2025-12-10,2029-12-09,1977-12-20,https://www.diputados.gov.ar/diputados/jluque/
mmacyszyn,"Macyszyn, Lorena",BUENOS AIRES,LA LIBERTAD AVANZA,2023-2027,2023-12-10,2027-12-09,1978-07-28,https://www.diputados.gov.ar/diputados/mmacyszyn/
hmango,"Mango, Marcelo",RIO NEGRO,UNIÓN POR LA PATRIA,2023-2027,2025-12-10,2027-12-09,1964-11-02,https://www.diputados.gov.ar/diputados/hmango/
mrmanrique,"Manrique, Mario",BUENOS AIRES,UNIÓN POR LA PATRIA,2023-2027,2023-12-10,2027-12-09,1961-08-02,https://www.diputados.gov.ar/diputados/mrmanrique/
lmarclay,"Marclay, Marianela",ENTRE RIOS,UNIÓN POR LA PATRIA,2025-2029,2025-12-10,2029-12-09,1984-04-03,https://www.diputados.gov.ar/diputados/lmarclay/
vmarin,"Marín, Varinia Lis",LA PAMPA,UNIÓN POR LA PATRIA,2025-2029,2025-12-10,2029-12-09,1968-02-23,https://www.diputados.gov.ar/diputados/vmarin/
jmarino,"Marino, Juan",BUENOS AIRES,UNIÓN POR LA PATRIA,2023-2027,2023-12-10,2027-12-09,1987-11-25,https://www.diputados.gov.ar/diputados/jmarino/
gpmartinez,"Martínez, Germán Pedro",SANTA FE,UNIÓN POR LA PATRIA,2023-2027,2023-12-10,2027-12-09,1975-02-22,https://www.diputados.gov.ar/diputados/gpmartinez/
amartinez,"Martínez, Álvaro",MENDOZA,LA LIBERTAD AVANZA,2025-2029,2025-12-10,2029-12-09,1986-11-13,https://www.diputados.gov.ar/diputados/amartinez/
nmassot,"Massot, Nicolás",BUENOS AIRES,ENCUENTRO FEDERAL,2023-2027,2023-12-10,2027-12-09,1984-07-16,https://www.diputados.gov.ar/diputados/nmassot/
kmaureira,"Maureira, Karina",NEUQUEN,LA NEUQUINIDAD,2025-2029,2025-12-10,2029-12-09,1971-05-29,https://www.diputados.gov.ar/diputados/kmaureira/
nmayoraz,"Mayoraz, Nicolás",SANTA FE,LA LIBERTAD AVANZA,2023-2027,2023-12-10,2027-12-09,1968-09-11,https://www.diputados.gov.ar/diputados/nmayoraz/
gmedina,"Medina, Gladys",TUCUMAN,INDEPENDENCIA,2025-2029,2025-12-10,2029-12-09,1973-04-29,https://www.diputados.gov.ar/diputados/gmedina/
mmenem,"Menem, Martín",LA RIOJA,LA LIBERTAD AVANZA,2023-2027,2023-12-10,2027-12-09,1975-04-19,https://www.diputados.gov.ar/diputados/mmenem/
mmetrala,"Metral Asensio, Julieta",MENDOZA,LA LIBERTAD AVANZA,2025-2029,2025-12-10,2029-12-09,1989-08-23,https://www.diputados.gov.ar/diputados/mmetrala/
gmichel,"Michel, Guillermo",ENTRE RIOS,UNIÓN POR LA PATRIA,2025-2029,2025-12-10,2029-12-09,1977-03-05,https://www.diputados.gov.ar/diputados/gmichel/
rmino,"Miño, Fernanda",BUENOS AIRES,UNIÓN POR LA PATRIA,2025-2029,2025-12-10,2029-12-09,1974-07-19,https://www.diputados.gov.ar/diputados/rmino/
jucmolina,"Molina, Juan Carlos",SANTA CRUZ,UNIÓN POR LA PATRIA,2025-2029,2025-12-10,2029-12-09,1966-12-08,https://www.diputados.gov.ar/diputados/jucmolina/
mmolinuevo,"Molinuevo, Soledad",TUCUMAN,LA LIBERTAD AVANZA,2025-2029,2025-12-10,2029-12-09,1973-05-03,https://www.diputados.gov.ar/diputados/mmolinuevo/
mmolle,"Molle, Matías",BUENOS AIRES,UNIÓN POR LA PATRIA,2023-2027,2023-12-10,2027-12-09,1976-12-05,https://www.diputados.gov.ar/diputados/mmolle/
mmondaca,"Mondaca, Soledad",NEUQUEN,LA LIBERTAD AVANZA,2025-2029,2025-12-10,2029-12-09,1985-01-30,https://www.diputados.gov.ar/diputados/mmondaca/
fmonguillot,"Monguillot, Fernando",CATAMARCA,ELIJO CATAMARCA,2025-2029,2025-12-10,2029-12-09,1988-03-15,https://www.diputados.gov.ar/diputados/fmonguillot/
jpmontenegro,"Montenegro, Juan Pablo",SANTA FE,LA LIBERTAD AVANZA,2025-2029,2025-12-10,2029-12-09,1978-06-24,https://www.diputados.gov.ar/diputados/jpmontenegro/
gmontenegro,"Montenegro, Guillermo",BUENOS AIRES,LA LIBERTAD AVANZA,2023-2027,2023-12-10,2027-12-09,1975-08-16,https://www.diputados.gov.ar/diputados/gmontenegro/
rmonzon,"Monzón, Roxana",BUENOS AIRES,UNIÓN POR LA PATRIA,2023-2027,2023-12-10,2027-12-09,1974-05-31,https://www.diputados.gov.ar/diputados/rmonzon/
fmorchio,"Morchio, Francisco",ENTRE RIOS,LA LIBERTAD AVANZA,2023-2027,2023-12-10,2027-12-09,1975-05-25,https://www.diputados.gov.ar/diputados/fmorchio/
cmoreau,"Moreau, Cecilia",BUENOS AIRES,UNIÓN POR LA PATRIA,2023-2027,2023-12-10,2027-12-09,1976-12-05,https://www.diputados.gov.ar/diputados/cmoreau/
jumoreno,"Moreno Ovalle, Julio",SALTA,LA LIBERTAD AVANZA,2023-2027,2023-12-10,2027-12-09,1954-10-26,https://www.diputados.gov.ar/diputados/jumoreno/
hmoyano,"Moyano, Hugo Antonio",BUENOS AIRES,UNIÓN POR LA PATRIA,2025-2029,2025-12-10,2029-12-09,1983-09-26,https://www.diputados.gov.ar/diputados/hmoyano/
jmukdise,"Mukdise, Jorge",SANTIAGO DEL ESTERO,UNIÓN POR LA PATRIA,2025-2029,2025-12-10,2029-12-09,1972-12-23,https://www.diputados.gov.ar/diputados/jmukdise/
gmunoz,"Muñoz, Gabriela Luciana",NEUQUEN,LA LIBERTAD AVANZA,2023-2027,2025-12-10,2027-12-09,1990-02-27,https://www.diputados.gov.ar/diputados/gmunoz/
eneder,"Neder, Estela Mary",SANTIAGO DEL ESTERO,UNIÓN POR LA PATRIA,2023-2027,2023-12-10,2027-12-09,1957-12-12,https://www.diputados.gov.ar/diputados/eneder/
lnieri,"Nieri, Lisandro",MENDOZA,UCR - UNIÓN CÍVICA RADICAL,2023-2027,2023-12-10,2027-12-09,1972-06-12,https://www.diputados.gov.ar/diputados/lnieri/
mniveyro,"Niveyro, Miriam",BUENOS AIRES,LA LIBERTAD AVANZA,2025-2029,2025-12-10,2029-12-09,1968-02-13,https://www.diputados.gov.ar/diputados/mniveyro/
dnoblega,"Nóblega, Sebastián",CATAMARCA,ELIJO CATAMARCA,2023-2027,2023-12-10,2027-12-09,1983-09-19,https://www.diputados.gov.ar/diputados/dnoblega/
mnoguera,"Noguera, Javier",TUCUMAN,INDEPENDENCIA,2025-2029,2025-12-10,2029-12-09,1970-08-03,https://www.diputados.gov.ar/diputados/mnoguera/
jnunez,"Nuñez, José",SANTA FE,PROVINCIAS UNIDAS,2023-2027,2023-12-10,2027-12-09,1974-11-12,https://www.diputados.gov.ar/diputados/jnunez/
jojeda,"Ojeda, Joaquín",BUENOS AIRES,LA LIBERTAD AVANZA,2025-2029,2025-12-10,2029-12-09,1991-01-23,https://www.diputados.gov.ar/diputados/jojeda/
kolmos,"Olmos, Kelly",CIUDAD DE BUENOS AIRES,UNIÓN POR LA PATRIA,2025-2029,2025-12-10,2029-12-09,1952-07-08,https://www.diputados.gov.ar/diputados/kolmos/
bosuna,"Osuna, Blanca Inés",ENTRE RIOS,UNIÓN POR LA PATRIA,2023-2027,2023-12-10,2027-12-09,1950-10-25,https://www.diputados.gov.ar/diputados/bosuna/
poutes,"Outes, Pablo",SALTA,INNOVACIÓN FEDERAL,2023-2027,2023-12-10,2027-12-09,1967-12-11,https://www.diputados.gov.ar/diputados/poutes/
mpagano,"Pagano, Marcela Marina",BUENOS AIRES,COHERENCIA,2023-2027,2023-12-10,2027-12-09,1985-12-04,https://www.diputados.gov.ar/diputados/mpagano/
spalazzo,"Palazzo, Sergio Omar",BUENOS AIRES,UNIÓN POR LA PATRIA,2025-2029,2025-12-10,2029-12-09,1962-04-05,https://www.diputados.gov.ar/diputados/spalazzo/
cpalladino,"Palladino, Claudia María",CATAMARCA,UNIÓN POR LA PATRIA,2025-2029,2025-12-10,2029-12-09,1965-08-07,https://www.diputados.gov.ar/diputados/cpalladino/
spareja,"Pareja, Sebastián",BUENOS AIRES,LA LIBERTAD AVANZA,2025-2029,2025-12-10,2029-12-09,1975-10-03,https://www.diputados.gov.ar/diputados/spareja/
mgparola,"Parola, María Graciela",FORMOSA,UNIÓN POR LA PATRIA,2023-2027,2023-12-10,2027-12-09,1978-09-06,https://www.diputados.gov.ar/diputados/mgparola/
mpatinob,"Patiño Brizuela, Marcos",CORDOBA,LA LIBERTAD AVANZA,2025-2029,2025-12-10,2029-12-09,1977-11-14,https://www.diputados.gov.ar/diputados/mpatinob/
jpauli,"Pauli, Santiago",TIERRA DEL FUEGO,LA LIBERTAD AVANZA,2023-2027,2023-12-10,2027-12-09,1987-07-08,https://www.diputados.gov.ar/diputados/jpauli/
epaulon,"Paulón, Esteban",SANTA FE,PROVINCIAS UNIDAS,2023-2027,2023-12-10,2027-12-09,1978-06-17,https://www.diputados.gov.ar/diputados/epaulon/
gpedrali,"Pedrali, Gabriela",LA RIOJA,UNIÓN POR LA PATRIA,2025-2029,2025-12-10,2029-12-09,1964-02-02,https://www.diputados.gov.ar/diputados/gpedrali/
apellegrini,"Pellegrini, Agustín",SANTA FE,LA LIBERTAD AVANZA,2025-2029,2025-12-10,2029-12-09,2000-03-20,https://www.diputados.gov.ar/diputados/apellegrini/
fpelli,"Pelli, Federico Agustín",TUCUMAN,LA LIBERTAD AVANZA,2025-2029,2025-12-10,2029-12-09,1985-06-23,https://www.diputados.gov.ar/diputados/fpelli/
jpeluc,"Peluc, José",SAN JUAN,LA LIBERTAD AVANZA,2023-2027,2023-12-10,2027-12-09,1972-10-10,https://www.diputados.gov.ar/diputados/jpeluc/
ppenacca,"Penacca, Paula Andrea",CIUDAD DE BUENOS AIRES,UNIÓN POR LA PATRIA,2023-2027,2023-12-10,2027-12-09,1981-04-27,https://www.diputados.gov.ar/diputados/ppenacca/
lpetri,"Petri, Luis",MENDOZA,LA LIBERTAD AVANZA,2025-2029,2025-12-10,2029-12-09,1977-04-01,https://www.diputados.gov.ar/diputados/lpetri/
mpetrovich,"Petrovich, María Lorena",BUENOS AIRES,LA LIBERTAD AVANZA,2023-2027,2025-12-10,2027-12-09,1979-10-23,https://www.diputados.gov.ar/diputados/mpetrovich/
lpicat,"Picat, Luis Albino",CORDOBA,LA LIBERTAD AVANZA,2023-2027,2023-12-10,2027-12-09,1974-06-03,https://www.diputados.gov.ar/diputados/lpicat/
mpichetto,"Pichetto, Miguel Ángel",BUENOS AIRES,ENCUENTRO FEDERAL,2023-2027,2023-12-10,2027-12-09,1950-10-24,https://www.diputados.gov.ar/diputados/mpichetto/
npiconm,"Picón Martínez, Nancy Viviana",SAN JUAN,PRODUCCION Y TRABAJO,2023-2027,2023-12-10,2027-12-09,1975-12-05,https://www.diputados.gov.ar/diputados/npiconm/
hpietragallac,"Pietragalla Corti, Horacio",BUENOS AIRES,UNIÓN POR LA PATRIA,2025-2029,2025-12-10,2029-12-09,1976-03-11,https://www.diputados.gov.ar/diputados/hpietragallac/
npitrola,"Pitrola, Nestor",BUENOS AIRES,FRENTE DE IZQUIERDA Y DE TRABAJADORES UNIDAD,2023-2027,2025-12-10,2027-12-09,1952-04-01,https://www.diputados.gov.ar/diputados/npitrola/
lpokoikg,"Pokoik, Lorena",CIUDAD DE BUENOS AIRES,UNIÓN POR LA PATRIA,2023-2027,2023-12-10,2027-12-09,1972-12-24,https://www.diputados.gov.ar/diputados/lpokoikg/
mponce,"Ponce, María Celeste",CORDOBA,LA LIBERTAD AVANZA,2023-2027,2023-12-10,2027-12-09,1987-12-30,https://www.diputados.gov.ar/diputados/mponce/
lpotenza,"Potenza, Luciana",BUENOS AIRES,UNIÓN POR LA PATRIA,2023-2027,2023-12-10,2027-12-09,1994-11-01,https://www.diputados.gov.ar/diputados/lpotenza/
apropato,"Propato, Agustina Lucrecia",BUENOS AIRES,UNIÓN POR LA PATRIA,2025-2029,2025-12-10,2029-12-09,1982-06-25,https://www.diputados.gov.ar/diputados/apropato/
mquintar,"Quintar, Manuel",JUJUY,LA LIBERTAD AVANZA,2023-2027,2023-12-10,2027-12-09,1982-01-18,https://www.diputados.gov.ar/diputados/mquintar/
arauschenberger,"Rauschenberger, Ariel",LA PAMPA,UNIÓN POR LA PATRIA,2023-2027,2023-12-10,2027-12-09,1966-04-23,https://www.diputados.gov.ar/diputados/arauschenberger/
vravera,"Ravera, Valentina",SANTA FE,LA LIBERTAD AVANZA,2025-2029,2025-12-10,2029-12-09,2000-10-20,https://www.diputados.gov.ar/diputados/vravera/
aravier,"Ravier, Adrián",LA PAMPA,LA LIBERTAD AVANZA,2025-2029,2025-12-10,2029-12-09,1978-11-29,https://www.diputados.gov.ar/diputados/aravier/
vrazzini,"Razzini, Verónica",SANTA FE,LA LIBERTAD AVANZA,2023-2027,2023-12-10,2027-12-09,1980-02-14,https://www.diputados.gov.ar/diputados/vrazzini/
kreichardt,"Reichardt, Karen",BUENOS AIRES,LA LIBERTAD AVANZA,2025-2029,2025-12-10,2029-12-09,1969-05-21,https://www.diputados.gov.ar/diputados/kreichardt/
griesco,"Riesco, Gastón",NEUQUEN,LA LIBERTAD AVANZA,2025-2029,2025-12-10,2029-12-09,1987-07-04,https://www.diputados.gov.ar/diputados/griesco/
critondo,"Ritondo, Cristian A.",BUENOS AIRES,PRO,2023-2027,2023-12-10,2027-12-09,1966-07-27,https://www.diputados.gov.ar/diputados/critondo/
jrizzotti,"Rizzotti, Jorge",JUJUY,PROVINCIAS UNIDAS,2023-2027,2023-12-10,2027-12-09,1962-02-02,https://www.diputados.gov.ar/diputados/jrizzotti/
sroberto,"Roberto, Santiago Luis",CIUDAD DE BUENOS AIRES,UNIÓN POR LA PATRIA,2025-2029,2025-12-10,2029-12-09,1972-08-28,https://www.diputados.gov.ar/diputados/sroberto/
groca,"Roca, Gonzalo",CORDOBA,LA LIBERTAD AVANZA,2025-2029,2025-12-10,2029-12-09,1979-01-29,https://www.diputados.gov.ar/diputados/groca/
lurodriguez,"Rodríguez, Miguel",TIERRA DEL FUEGO,LA LIBERTAD AVANZA,2025-2029,2025-12-10,2029-12-09,1986-06-21,https://www.diputados.gov.ar/diputados/lurodriguez/
lrodriguezm,"Rodríguez Machado, Laura Elena",CORDOBA,LA LIBERTAD AVANZA,2025-2029,2025-12-10,2029-12-09,1962-04-09,https://www.diputados.gov.ar/diputados/lrodriguezm/
arossi,"Rossi, Agustín Oscar",SANTA FE,UNIÓN POR LA PATRIA,2025-2029,2025-12-10,2029-12-09,1959-10-18,https://www.diputados.gov.ar/diputados/arossi/
yruiz,"Ruíz, Yamila",MISIONES,INNOVACIÓN FEDERAL,2023-2027,2023-12-10,2027-12-09,1991-10-13,https://www.diputados.gov.ar/diputados/yruiz/
msalzmann,"Salzmann, Marina Dorotea",BUENOS AIRES,UNIÓN POR LA PATRIA,2025-2029,2025-12-10,2029-12-09,1990-05-13,https://www.diputados.gov.ar/diputados/msalzmann/
jsanchezw,"Sánchez Wrba, Javier",BUENOS AIRES,PRO,2025-2029,2025-12-10,2029-12-09,1984-01-07,https://www.diputados.gov.ar/diputados/jsanchezw/
nsandg,"Sand, Nancy",CORRIENTES,UNIÓN POR LA PATRIA,2023-2027,2023-12-10,2027-12-09,1964-01-04,https://www.diputados.gov.ar/diputados/nsandg/
csantillanj,"Santillán Juárez Brahim, Juliana",BUENOS AIRES,LA LIBERTAD AVANZA,2023-2027,2023-12-10,2027-12-09,1979-06-17,https://www.diputados.gov.ar/diputados/csantillanj/
ssanturior,"Santurio, Santiago",BUENOS AIRES,LA LIBERTAD AVANZA,2023-2027,2023-12-10,2027-12-09,1988-01-09,https://www.diputados.gov.ar/diputados/ssanturior/
gscaglia,"Scaglia, Gisela",SANTA FE,PROVINCIAS UNIDAS,2025-2029,2025-12-10,2029-12-09,1976-10-22,https://www.diputados.gov.ar/diputados/gscaglia/
jschiaretti,"Schiaretti, Juan",CORDOBA,PROVINCIAS UNIDAS,2025-2029,2026-02-12,2029-12-09,1949-06-19,https://www.diputados.gov.ar/diputados/jschiaretti/
aschneider,"Schneider, Darío",ENTRE RIOS,UCR - UNIÓN CÍVICA RADICAL,2025-2029,2025-12-10,2029-12-09,1965-05-08,https://www.diputados.gov.ar/diputados/aschneider/
sselva,"Selva, Sabrina",BUENOS AIRES,UNIÓN POR LA PATRIA,2023-2027,2023-12-10,2027-12-09,1986-12-29,https://www.diputados.gov.ar/diputados/sselva/
aserquis,"Serquis, Adriana Cristina",RIO NEGRO,UNIÓN POR LA PATRIA,2025-2029,2025-12-10,2029-12-09,1967-11-07,https://www.diputados.gov.ar/diputados/aserquis/
vsiley,"Siley, Vanesa Raquel",BUENOS AIRES,UNIÓN POR LA PATRIA,2025-2029,2025-12-10,2029-12-09,1984-08-19,https://www.diputados.gov.ar/diputados/vsiley/
gsnopek,"Snopek, Guillermo",JUJUY,UNIÓN POR LA PATRIA,2023-2027,2023-12-10,2027-12-09,1975-01-11,https://www.diputados.gov.ar/diputados/gsnopek/
lsoldano,"Soldano, Laura",CORDOBA,LA LIBERTAD AVANZA,2025-2029,2025-12-10,2029-12-09,1980-09-22,https://www.diputados.gov.ar/diputados/lsoldano/
jstrada,"Strada, Julia",BUENOS AIRES,UNIÓN POR LA PATRIA,2023-2027,2023-12-10,2027-12-09,1989-05-26,https://www.diputados.gov.ar/diputados/jstrada/
jtaiana,"Taiana, Jorge",BUENOS AIRES,UNIÓN POR LA PATRIA,2025-2029,2025-12-10,2029-12-09,1950-05-31,https://www.diputados.gov.ar/diputados/jtaiana/
ltailhade,"Tailhade, Rodolfo",BUENOS AIRES,UNIÓN POR LA PATRIA,2023-2027,2023-12-10,2027-12-09,1970-08-18,https://www.diputados.gov.ar/diputados/ltailhade/
ctepp,"Tepp, Caren",SANTA FE,UNIÓN POR LA PATRIA,2025-2029,2025-12-10,2029-12-09,1986-11-26,https://www.diputados.gov.ar/diputados/ctepp/
ptita,"Tita, Paulo Agustín",TIERRA DEL FUEGO,UNIÓN POR LA PATRIA,2025-2029,2025-12-10,2029-12-09,1976-01-15,https://www.diputados.gov.ar/diputados/ptita/
ptodero,"Todero, Pablo",NEUQUEN,UNIÓN POR LA PATRIA,2023-2027,2023-12-10,2027-12-09,1972-02-07,https://www.diputados.gov.ar/diputados/ptodero/
vtolosap,"Tolosa Paz, Victoria",BUENOS AIRES,UNIÓN POR LA PATRIA,2023-2027,2023-12-10,2027-12-09,1973-06-24,https://www.diputados.gov.ar/diputados/vtolosap/
ytomassoni,"Tomassoni, Yamile",SANTA FE,LA LIBERTAD AVANZA,2025-2029,2025-12-10,2029-12-09,1978-05-27,https://www.diputados.gov.ar/diputados/ytomassoni/
rdtorres,"Torres, Rubén Darío",BUENOS AIRES,LA LIBERTAD AVANZA,2025-2029,2025-12-10,2029-12-09,1976-12-18,https://www.diputados.gov.ar/diputados/rdtorres/
ltorres,"Torres, Alejandra",CORDOBA,PROVINCIAS UNIDAS,2023-2027,2023-12-10,2027-12-09,1960-12-12,https://www.diputados.gov.ar/diputados/ltorres/
atortoriello,"Tortoriello, Aníbal",RIO NEGRO,LA LIBERTAD AVANZA,2025-2029,2025-12-10,2029-12-09,1958-12-24,https://www.diputados.gov.ar/diputados/atortoriello/
jtournier,"Tournier, José Federico",CORRIENTES,LA LIBERTAD AVANZA,2023-2027,2024-08-14,2027-12-09,1975-05-10,https://www.diputados.gov.ar/diputados/jtournier/
ctreffinger,"Treffinger, César",CHUBUT,LA LIBERTAD AVANZA,2023-2027,2023-12-10,2027-12-09,1975-08-14,https://www.diputados.gov.ar/diputados/ctreffinger/
ntrotta,"Trotta, Nicolás Alfredo",BUENOS AIRES,UNIÓN POR LA PATRIA,2025-2029,2025-12-10,2029-12-09,1976-01-20,https://www.diputados.gov.ar/diputados/ntrotta/
hurien,"Urien, Hernán",BUENOS AIRES,LA LIBERTAD AVANZA,2025-2029,2025-12-10,2029-12-09,1988-11-09,https://www.diputados.gov.ar/diputados/hurien/
evaldes,"Valdés, Eduardo Félix",CIUDAD DE BUENOS AIRES,UNIÓN POR LA PATRIA,2023-2027,2023-12-10,2027-12-09,1956-02-16,https://www.diputados.gov.ar/diputados/evaldes/
dvancsik,"Vancsik, Daniel",MISIONES,INNOVACIÓN FEDERAL,2023-2027,2023-12-10,2027-12-09,1977-01-07,https://www.diputados.gov.ar/diputados/dvancsik/
pvasquez,"Vásquez, Patricia",BUENOS AIRES,LA LIBERTAD AVANZA,2023-2027,2023-12-10,2027-12-09,1958-12-02,https://www.diputados.gov.ar/diputados/pvasquez/
yvega,"Vega, Yolanda",SALTA,INNOVACIÓN FEDERAL,2023-2027,2023-12-10,2027-12-09,1967-07-20,https://www.diputados.gov.ar/diputados/yvega/
mevelazquez,"Velázquez, M. Elena",BUENOS AIRES,UNIÓN POR LA PATRIA,2025-2029,2025-12-10,2029-12-09,1968-09-18,https://www.diputados.gov.ar/diputados/mevelazquez/
avera,"Vera, Andrea Fernanda",BUENOS AIRES,LA LIBERTAD AVANZA,2025-2029,2025-12-10,2029-12-09,1994-07-16,https://www.diputados.gov.ar/diputados/avera/
pverasay,"Verasay, Pamela Fernanda",MENDOZA,UCR - UNIÓN CÍVICA RADICAL,2025-2029,2025-12-10,2029-12-09,1980-04-26,https://www.diputados.gov.ar/diputados/pverasay/
lvillaverde,"Villaverde, Lorena",RIO NEGRO,LA LIBERTAD AVANZA,2023-2027,2023-12-10,2027-12-09,1974-02-18,https://www.diputados.gov.ar/diputados/lvillaverde/
gvisconti,"Visconti, Gino",LA RIOJA,LA LIBERTAD AVANZA,2025-2029,2025-12-10,2029-12-09,1993-12-14,https://www.diputados.gov.ar/diputados/gvisconti/
lvolnovich,"Volnovich, Luana",BUENOS AIRES,UNIÓN POR LA PATRIA,2023-2027,2023-12-10,2027-12-09,1979-09-26,https://www.diputados.gov.ar/diputados/lvolnovich/
hyasky,"Yasky, Hugo",BUENOS AIRES,UNIÓN POR LA PATRIA,2025-2029,2025-12-10,2029-12-09,1949-10-10,https://www.diputados.gov.ar/diputados/hyasky/
pyedlin,"Yedlin, Pablo Raúl",TUCUMAN,UNIÓN POR LA PATRIA,2023-2027,2023-12-10,2027-12-09,1966-07-16,https://www.diputados.gov.ar/diputados/pyedlin/
myeza,"Yeza, Martín",BUENOS AIRES,PRO,2023-2027,2023-12-10,2027-12-09,1986-01-03,https://www.diputados.gov.ar/diputados/myeza/
ozago,"Zago, Oscar",CIUDAD DE BUENOS AIRES,MID - MOVIMIENTO DE INTEGRACIÓN Y DESARROLLO,2023-2027,2023-12-10,2027-12-09,1963-11-13,https://www.diputados.gov.ar/diputados/ozago/
czapata,"Zapata, Carlos Raúl",SALTA,LA LIBERTAD AVANZA,2025-2029,2025-12-10,2029-12-09,1957-01-30,https://www.diputados.gov.ar/diputados/czapata/
nzaracho,"Zaracho, Natalia",BUENOS AIRES,UNIÓN POR LA PATRIA,2023-2027,2023-12-10,2027-12-09,1989-07-05,https://www.diputados.gov.ar/diputados/nzaracho/
mzigaran,"Zigarán, María Inés",JUJUY,PROVINCIAS UNIDAS,2025-2029,2025-12-10,2029-12-09,1970-01-16,https://www.diputados.gov.ar/diputados/mzigaran/
czulli,"Zulli, Christian Alejandro",CORRIENTES,UNIÓN POR LA PATRIA,2023-2027,2023-12-10,2027-12-09,1987-04-24,https://www.diputados.gov.ar/diputados/czulli/
